word;Polarity
abnormal;-1
absurd;-1
acak;-1
acak-acakan;-1
acuh;-1
acuh tak acuh;-1
adiktif;-1
adil;-1
agresi;-1
agresif;-1
agresor;-1
aib;-1
air terjun;-1
akurat;-1
alarm;-1
alasan;-1
alat permainan;-1
alergi;-1
alergik;-1
amat ketakutan;-1
amat panas;-1
ambigu;-1
ambivalen;-1
ambivalensi;-1
amoral;-1
amoralitas;-1
ampun;-1
amuk;-1
anak nakal;-1
anak yatim;-1
anarki;-1
anarkis;-1
anarkisme;-1
ancaman;-1
aneh;-1
aneh lagi;-1
anehnya;-1
angkuh;-1
angriness;-1
anjing;-1
anjlok;-1
anomali;-1
antagonis;-1
antagonisme;-1
antek;-1
anti-;-1
anti-Amerika;-1
anti-Israel;-1
anti-kita;-1
anti-pendudukan;-1
anti-proliferasi;-1
anti-putih;-1
anti-Semit;-1
antipati;-1
antisosial;-1
antitesis;-1
apak;-1
apati;-1
apatis;-1
apek;-1
apokaliptik;-1
apologis;-1
argumentatif;-1
artinya jika;-1
asam;-1
asap;-1
asem;-1
asing;-1
astaghfirullah;-1
asusila;-1
awan;-1
awas;-1
babi;-1
badai;-1
bahan tertawaan;-1
bahaya;-1
bajingan;-1
baju kotor;-1
balas dendam;-1
bandel;-1
bandot;-1
bangkrut;-1
bantingan;-1
banyak sekali;-1
barang ganjil;-1
barbar;-1
basi;-1
bau;-1
bawahan;-1
bebal;-1
beban;-1
bejat;-1
bekas;-1
bekas luka;-1
bekas roda;-1
beku;-1
belah;-1
belum dewasa;-1
belum dicoba;-1
belum dikonfirmasi;-1
belum pasti;-1
belum selesai;-1
benar-benar;-1
bencana;-1
bencana alam;-1
benci;-1
bengah;-1
bengis;-1
bengkak;-1
bengkeng;-1
bengkok;-1
benjolan;-1
bentrokan;-1
beracun;-1
beradab;-1
berakhir;-1
berang;-1
berani;-1
berantakan;-1
berat;-1
berat sebelah;-1
berawan;-1
berbahaya;-1
berbatu-batu;-1
berbau;-1
berbeda;-1
berbisa;-1
berbohong;-1
berbuat curang;-1
berbuat jahat;-1
berbuat salah;-1
berbuih;-1
bercacat;-1
berdalih;-1
berdarah;-1
berdasar;-1
berdaya;-1
berdebar;-1
berdebat;-1
berdebu;-1
berdengung;-1
berdenyut;-1
berdenyut-denyut;-1
berderak;-1
berderit;-1
berdetak;-1
berdokumen;-1
berdosa;-1
berduka;-1
berduri;-1
berdusta;-1
berebut;-1
bergairah;-1
bergegas;-1
bergelombang;-1
bergeming;-1
bergerak;-1
bergerak lambat;-1
bergerigi;-1
bergetar;-1
bergolak;-1
bergulat;-1
berhaluan kiri;-1
berisiko;-1
berita palsu;-1
berjangkit;-1
berjuang;-1
berkarat;-1
berkata tanpa berpikir;-1
berkedip;-1
berkejut;-1
berkenan;-1
berkeping-keping;-1
berkeras pendirian;-1
berkeringat;-1
berkerut;-1
berkhayal;-1
berkilat;-1
berkilau;-1
berkolusi;-1
berkonflik;-1
berkubang;-1
berkurang;-1
berlangganan;-1
berlebihan;-1
berlemak;-1
berlengah-lengah;-1
berlepotan;-1
berliku-liku;-1
berlumpur;-1
bermain berlebih-lebihan;-1
bermasalah;-1
berminyak;-1
bermoral;-1
bermuka dua;-1
bermuram;-1
bermuram durja;-1
bermusuhan;-1
bermutu rendah;-1
bernasib buruk;-1
bernoda kotor;-1
berongga;-1
berperang;-1
berpura-pura;-1
berputus asa;-1
bersaing;-1
bersakit;-1
bersanding;-1
bersedih;-1
bersekongkol;-1
berselang;-1
berselisih;-1
bersemangat;-1
bersenandung;-1
berserakan;-1
bersetubuh;-1
bersisik;-1
bertele-tele;-1
bertemu;-1
bertengkar;-1
bertentangan;-1
berteriak;-1
bertindak tidak pantas;-1
bertingkah;-1
bertubuh kecil;-1
berukuran terlalu kecil;-1
berumur pendek;-1
berwajah dua;-1
biadab;-1
bias;-1
biasa;-1
biasa-biasa saja;-1
bid'ah;-1
bikinan;-1
bimbang;-1
binasa;-1
bingung;-1
Bingung;-1
bisa ular;-1
bising;-1
blunder;-1
bobrok;-1
bocor;-1
bodoh;-1
bohong;-1
bom;-1
boneka;-1
boros;-1
bosan;-1
botak;-1
brutal;-1
bual;-1
buar;-1
buas;-1
budak;-1
bug;-1
bukan kepalang;-1
buntu;-1
bunuh diri;-1
buram;-1
buritan;-1
buronan;-1
buruk;-1
buruk sekali;-1
busuk;-1
buta;-1
buta huruf;-1
cabul;-1
cacat;-1
cacian;-1
calo;-1
cambuk;-1
canggung;-1
cara;-1
cari perkara;-1
carut-marut;-1
cebol;-1
cedera;-1
cekcok;-1
cekung;-1
celaan;-1
celah;-1
celaka;-1
cemas;-1
cemberut;-1
cemburu;-1
cemooh;-1
cemoohan;-1
cenderung;-1
cengeng;-1
cengking;-1
cercaan;-1
cerdik;-1
cerewet;-1
ceroboh;-1
compang-camping;-1
corengan;-1
cukup;-1
curam;-1
curang;-1
curiga;-1
dancok;-1
dangkal;-1
deadline;-1
debu;-1
defensif;-1
degenerasi;-1
degradasi;-1
dehumanisasi;-1
delusi;-1
demam;-1
demoralisasi;-1
dendam;-1
dengan mencemoohkan;-1
dengan mendapat malapetaka;-1
dengan mengagetkan;-1
dengan menghina;-1
dengan menyedihkan;-1
dengan menyesal;-1
dengan panas;-1
dengan penuh ketakutan;-1
dengan rasa curiga;-1
dengan rasa hina;-1
dengan remeh-temeh;-1
dengan sedih;-1
dengan segan;-1
dengan sengit;-1
dengan sia-sia;-1
dengan suara keras;-1
dengan sukar;-1
dengan terbahak-bahak;-1
dengan tidak senang;-1
dengki;-1
depresi;-1
derita;-1
desis;-1
destruktif;-1
diam;-1
diam-diam;-1
dibakar;-1
dibanjiri;-1
dibantai;-1
dibenarkan;-1
dibenci;-1
dibesar-besarkan;-1
dibuang;-1
dibuat-buat;-1
dicela;-1
dicerca;-1
dicuci;-1
dicuri;-1
didanai;-1
diganggu;-1
dihaluskan;-1
dihentikan;-1
dihibur;-1
dihukum;-1
dijauhi;-1
dijelaskan;-1
dikaburkan;-1
dikenakan;-1
dikorbankan;-1
diktator;-1
diktatoris;-1
dilapisi gula;-1
dilecehkan;-1
dilema;-1
dilenyapkan;-1
dimaafkan;-1
dimarahi;-1
dimengerti;-1
dingin;-1
diperangi;-1
diperkosa;-1
diperlakukan dengan buruk;-1
dipermainkan;-1
dipertanyakan;-1
dipikirkan;-1
dirampas;-1
diremehkan;-1
dirugikan;-1
disalahgunakan;-1
disalahpahami;-1
disayangkan;-1
disebut-sebut;-1
disederhanakan;-1
disengaja;-1
disengketakan;-1
disiram;-1
diskredit;-1
diskriminasi;-1
diskriminatif;-1
disorient;-1
disproporsional;-1
distorsi;-1
ditakdirkan;-1
ditinggalkan;-1
ditipu;-1
ditolak;-1
dogmatis;-1
dominan;-1
dongkol;-1
dosa;-1
downgrade;-1
drastis;-1
drop-out;-1
dua wajah;-1
dugaan;-1
duka;-1
dukun;-1
dumping;-1
dungu;-1
duniawi;-1
dupa;-1
durhaka;-1
duri;-1
dusta;-1
dusun;-1
dwimakna;-1
edan;-1
egois;-1
egoisme;-1
egomania;-1
egosentris;-1
ejek;-1
ejekan;-1
ekonomis;-1
eksploitasi;-1
eksploitatif;-1
eksplosif;-1
ekstremis;-1
enggan;-1
enggan membantu;-1
erosi;-1
fana;-1
fanatik;-1
fanatisme;-1
fantastis;-1
fasis;-1
fasisme;-1
fatal;-1
fiksi;-1
fitnah;-1
fitnahan;-1
fobia;-1
friksi;-1
frustasi;-1
frustrasi;-1
fundamentalis;-1
fundamentalisme;-1
ga jelas;-1
ga karuan;-1
ga peka;-1
gadungan;-1
gagal;-1
gagap;-1
gaib;-1
galak;-1
ganas;-1
gangguan;-1
ganjil;-1
ganti rugi;-1
gantung;-1
garang;-1
garis keras;-1
garu;-1
gasang;-1
gatal;-1
gegabah;-1
gejala;-1
Gejala;-1
gelandangan;-1
gelap;-1
gelisah;-1
gelora;-1
gembar-gembor;-1
gendut;-1
genit;-1
genosida;-1
genting;-1
gerah;-1
geram;-1
gerombolan;-1
gesekan;-1
gesper;-1
getah;-1
getaran;-1
giat;-1
gigih;-1
gigil;-1
gila;-1
gila hormat;-1
gila ketakutan;-1
gila-gilaan;-1
godaan;-1
goreng;-1
goresan;-1
gosip;-1
goyah;-1
goyangan;-1
gua;-1
gugup;-1
gurun;-1
gusar;-1
habis;-1
hak milik;-1
hal merendahkan diri;-1
hal tidak dimengerti;-1
halangan;-1
hama;-1
hambatan;-1
hampir;-1
hampir mati;-1
hancur;-1
hang;-1
haram;-1
harga di atas;-1
hasutan;-1
haus;-1
haus darah;-1
hedon;-1
hedonistik;-1
hegemoni;-1
hegemonisme;-1
hemat;-1
hidung belang;-1
hina;-1
hingar-bingar;-1
hiruk-pikuk;-1
histeri;-1
histeria;-1
histeris;-1
hujat;-1
hukuman;-1
hukuman penjara;-1
hukuman setimpal;-1
hutang;-1
iblis;-1
idiot;-1
igauan;-1
ih;-1
ikut campur;-1
ilegal;-1
Iluminati;-1
ilusi;-1
imajiner;-1
imperialis;-1
impoten;-1
impulsif;-1
individualis;-1
indoktrinasi;-1
infeksi;-1
inferioritas;-1
inflamasi;-1
inflasi;-1
ingusan;-1
inkompeten;-1
inkompetensi;-1
inkonsistensi;-1
inkonstitusionil;-1
insensitively;-1
interupsi;-1
intimidasi;-1
intrusi;-1
invasif;-1
irasional;-1
irasionalitas;-1
iri;-1
Iritasi;-1
ironi;-1
ironis;-1
ironisnya;-1
isolasi;-1
istirahat;-1
isu;-1
jadah;-1
jahanam;-1
jahat;-1
jalan buntu;-1
jalan keluar;-1
jancuk;-1
janggal;-1
jatuh;-1
jatuh sakit;-1
jauh;-1
jebakan;-1
jelaga;-1
jelas;-1
jelatang;-1
jelek;-1
jelu;-1
jempol kebawah;-1
jenaka;-1
jengkel;-1
jerat;-1
jerawat;-1
jeritan;-1
jeruk nipis;-1
jijik;-1
jompo;-1
jumlah sedikit;-1
kabur;-1
kabut;-1
kacau;-1
kadaluarsa;-1
kadung;-1
kafir;-1
kagum;-1
kain kafan;-1
kaku;-1
kalah;-1
kalahan;-1
kambing hitam;-1
kambuh;-1
kampungan;-1
kandang;-1
kandas;-1
kanibal;-1
kanker;-1
kantong sampah;-1
kapak;-1
kapalan;-1
karat;-1
kasar;-1
kasihan;-1
kata-kata kasar;-1
katastropi;-1
keadaan acuh tak acuh;-1
keadaan buruk;-1
keadaan darurat;-1
keadaan pingsan;-1
keadaan sulit;-1
keanehan;-1
keangkuhan;-1
kebal;-1
kebencian;-1
keberanian;-1
keberatan;-1
keberbahayaan;-1
kebetulan;-1
kebiadaban;-1
kebiasaan;-1
kebingungan;-1
KEBINGUNGAN;-1
kebiri;-1
kebisingan;-1
kebobolan;-1
kebocoran;-1
kebodohan;-1
kebohongan;-1
kebosanan;-1
kebrutalan;-1
kebuntuan;-1
keburukan;-1
kecabulan;-1
kecaman;-1
kecanduan;-1
kecapaian;-1
kecelakaan;-1
kecelakaan kapal;-1
kecemasan;-1
kecemburuan;-1
kecenderungan;-1
kecenderungan untuk menurun;-1
kecerobohan;-1
kecewa;-1
kecil;-1
kecongkakan;-1
kecurangan;-1
kecurigaan;-1
kedangkalan;-1
kedengkian;-1
keengganan;-1
kefanatikan;-1
kegagalan;-1
keganasan;-1
kegarangan;-1
kegelapan;-1
kegelisahan;-1
kegemparan;-1
kegemukan;-1
kegilaan;-1
kegoyangan;-1
kegugupan;-1
kehabisan;-1
kehancuran;-1
kehebohan;-1
Keheranan;-1
kehilangan;-1
kehilangan keseimbangan;-1
kehinaan;-1
keinginan pribadi;-1
keingkaran;-1
keirasionalan;-1
kejahatan;-1
kejam;-1
kejang;-1
kejanggalan;-1
kejangkitan;-1
kejatuhan;-1
kejelekan;-1
kejengahan;-1
kejengkelan;-1
keji;-1
kejut;-1
kekacauan;-1
kekakuan;-1
kekalahan;-1
kekanak-kanakan;-1
kekecewaan;-1
kekecilan;-1
kekejaman;-1
kekejamannya;-1
kekeliruan;-1
kekenyangan;-1
kekerasan;-1
kekerasan pendirian;-1
kekeringan;-1
kekesalan;-1
kekhawatiran;-1
kekhilafan;-1
kekosongan;-1
kekotoran;-1
kekuatiran;-1
kekurangan;-1
kekurangpekaan;-1
kelakuan buruk;-1
kelalaian;-1
kelambanan;-1
kelancangan;-1
kelangkaan;-1
kelaparan;-1
kelas dua;-1
kelelahan;-1
kelemahan;-1
kelemahan karena usia tua;-1
kelembutan;-1
kelesuan;-1
keletihan;-1
keliru;-1
keluar;-1
keluhan;-1
Keluhan;-1
kelupaan;-1
kemacetan;-1
kemalangan;-1
kemalasan;-1
kemandekan;-1
kemarahan;-1
kemasukan setan;-1
kemasyhuran;-1
kematian;-1
kembali;-1
kemelaratan;-1
kemenduaan;-1
kemerosotan;-1
kemiskinan;-1
kemunafikan;-1
kemunduran;-1
kemurkaan;-1
kemurungan;-1
kemustahilan;-1
kendor;-1
kendur;-1
kenekatan;-1
kental;-1
kepahitan;-1
kepala batu;-1
kepala-sakit;-1
kepatahan;-1
kepedaran;-1
kependekan;-1
kepentingan;-1
kepentingan diri sendiri;-1
kepicikan;-1
keputusasaan;-1
keputusasan;-1
keracunan;-1
keraguan;-1
kerangka;-1
keras;-1
keras hati;-1
keras kepala;-1
keras-kapal;-1
kerasnya;-1
kerdil;-1
kere;-1
kerepotan;-1
kereta;-1
keretakan;-1
keriangan;-1
keributan;-1
kerinduan;-1
kering;-1
keriput;-1
keriuhan;-1
kerlip;-1
keroncongan;-1
kerugian;-1
Kerugian;-1
kerusakan;-1
kerusuhan;-1
kerut;-1
keruwetan;-1
kesal;-1
kesalahan;-1
kesalahan besar;-1
kesalahan hitung;-1
kesalahpahaman;-1
kesamaan;-1
kesedihan;-1
keseganan;-1
kesegeraan;-1
kesembronoan;-1
kesendirian;-1
kesengitan;-1
kesengsaraan;-1
kesepian;-1
keserakahan;-1
keseriusan;-1
kesesakan;-1
kesilauan;-1
kesombongan;-1
kesulitan;-1
kesuraman;-1
kesyahidan;-1
ketabahan;-1
ketakberanian;-1
ketakutan;-1
ketamakan;-1
ketat;-1
ketegangan;-1
ketenangan;-1
keterbatasan;-1
keterbelakangan;-1
keterlaluan;-1
ketiadaan;-1
ketiadaan rasa hormat;-1
ketidakabsahan;-1
ketidakadilan;-1
ketidakakuratan;-1
ketidakamanan;-1
ketidakbahagiaan;-1
ketidakberdayaan;-1
ketidakbijaksanaan;-1
ketidakcakapan;-1
ketidakcocokan;-1
ketidakcukupan;-1
ketidakefektifan;-1
ketidakefisienan;-1
ketidakjelasan;-1
ketidakjujuran;-1
ketidakkasihan;-1
ketidaklogisan;-1
ketidakmampuan;-1
ketidakmampuan menyesuaikan diri;-1
ketidakmungkinan;-1
ketidakmurnian;-1
ketidakpantasan;-1
ketidakpedulian;-1
ketidakpercayaan;-1
ketidakpuasan;-1
ketidakrelevanan;-1
ketidaksabaran;-1
ketidaksamaan;-1
ketidakseimbangan;-1
ketidaksempurnaan;-1
ketidaksenangan;-1
ketidaksenonohan;-1
ketidaksetaraan;-1
ketidaksetiaan;-1
ketidaksopanan;-1
ketidakstabilan;-1
ketidaktahuan;-1
Ketidaktelitian;-1
ketidaktelitian;-1
ketidakteraturan;-1
ketidaktertarikan;-1
ketidaktoleranan;-1
ketidaktulusan;-1
ketinggalan;-1
ketukan;-1
ketus;-1
kewajiban;-1
kewalahan;-1
kezaliman;-1
khawatir;-1
khayalan;-1
khayalan belaka;-1
khayali;-1
khianat;-1
khusus;-1
kiamat;-1
kikir;-1
kikuk;-1
kios;-1
kisi;-1
klik;-1
klise;-1
knalpot;-1
kolot;-1
kompatibel;-1
kompleks;-1
komplikasi;-1
komplotan;-1
kompong;-1
konflik;-1
konfrontasi;-1
kongkalikong;-1
konservatif;-1
konsesi;-1
konspirasi;-1
konspiratif;-1
konspirator;-1
kontaminasi;-1
kontensius;-1
kontol;-1
kontra;-1
kontra-produktif;-1
kontradiksi;-1
kontradiktif;-1
kontraproduktif;-1
kontroversi;-1
kontroversial;-1
konyol;-1
korban;-1
korban kecelakaan;-1
korosi;-1
korosif;-1
korup;-1
korupsi;-1
kotor;-1
kotoran;-1
kram;-1
krisis;-1
kritik;-1
kritikus;-1
kritis;-1
kronis;-1
kuat;-1
kuatir;-1
kucam;-1
kucing gemuk;-1
kudung;-1
kukuh;-1
kuning;-1
kuno;-1
kupas;-1
kurang;-1
kurang ajar;-1
kurang baik;-1
kurang berkembang;-1
kurang beruntung;-1
kurang dikenal;-1
kurang lengkap;-1
kurang menarik;-1
kurang pengalaman;-1
kurang sehat;-1
kurang sopan;-1
kurus;-1
kusut;-1
kutukan;-1
labil;-1
labu;-1
lacur;-1
lalai;-1
lalim;-1
lama;-1
lamban;-1
lambat;-1
lancang;-1
lancar;-1
lapis kedua;-1
lapuk;-1
larangan;-1
larut;-1
latency;-1
lawan;-1
lebam;-1
lebih buruk;-1
lebih keras;-1
lebih mahal;-1
lebihan;-1
lecet;-1
ledakan;-1
lekat;-1
lekir;-1
lekuk;-1
lelah;-1
lelucon;-1
lemah;-1
lemak;-1
lemak-kucing;-1
lemas;-1
lembab;-1
lembek;-1
lemot;-1
lendir;-1
lengkap;-1
lengket;-1
lepas;-1
lereng;-1
lesu;-1
letih;-1
letusan;-1
liar;-1
licik;-1
licin;-1
lier;-1
limbah;-1
limbung;-1
linglung;-1
lintah;-1
lirik;-1
longgar;-1
luah;-1
luar biasa;-1
lubang angin;-1
lucu;-1
luka;-1
luka bakar;-1
luka lecet;-1
lumpuh;-1
lumpur;-1
lunak;-1
lupa;-1
lusuh;-1
Maaf;-1
mabuk;-1
mabuk kepayang;-1
mafia;-1
mahal;-1
main mata;-1
main perempuan;-1
mainan kerincingan;-1
makian;-1
makin;-1
malang;-1
malapetaka;-1
malas;-1
malu;-1
malu-malu;-1
mampat;-1
mandek;-1
manipulasi;-1
manipulatif;-1
manipulator;-1
manja;-1
marah;-1
marah-marah;-1
marginal;-1
masalah;-1
masam;-1
mati;-1
mati kelaparan;-1
mati lemas;-1
mati rasa;-1
mati-matian;-1
mau bertobat;-1
megah;-1
megap-megap;-1
melalaikan;-1
melambat;-1
melampiaskan;-1
melancarkan;-1
melanggar;-1
melanggar hukum;-1
melanggar susila;-1
melarang;-1
melarikan diri;-1
melawan hukum;-1
melayu;-1
melebih-lebihkan;-1
melecehkan;-1
meledak;-1
melelahkan;-1
melemahkan;-1
melenceng;-1
melengking;-1
melengkingkan;-1
melengkung;-1
melenyapkan;-1
melepaskan;-1
melepuh;-1
meleset;-1
meletakkan-off;-1
melibatkan;-1
melimpahi;-1
melinglungkan;-1
melodramatis;-1
melongo;-1
melongsorkan;-1
melucuti senjata;-1
melukai;-1
meluluhkan;-1
melumpuhkan;-1
melunakkan;-1
meluruhkan;-1
memabukkan;-1
memadamkan;-1
memakan waktu;-1
memaksa;-1
memaksakan;-1
memalsukan;-1
memalukan;-1
memamerkan;-1
memanaskan;-1
memancing;-1
memandang dengan marah;-1
memandang rendah;-1
memanjakan;-1
memar;-1
memarahi;-1
memarahkan;-1
memarut;-1
mematahkan semangat;-1
mematikan;-1
membagi;-1
membahas;-1
membahayakan;-1
membakar;-1
membalas;-1
membalikkan;-1
membanjiri;-1
membantah;-1
Membantah;-1
membara;-1
membatalkan;-1
membatasi;-1
membatu;-1
membayar lebih;-1
membedakan;-1
membeku;-1
membekukan;-1
membela;-1
membelit;-1
membenci;-1
membengisi;-1
memberatkan;-1
memberhentikan;-1
memberontak;-1
membinasakan;-1
membingungkan;-1
membohong;-1
memboikot;-1
memboikot dr masyarakat;-1
membolos;-1
membombardir;-1
membongkar;-1
membosankan;-1
membuang;-1
membuang waktu;-1
membuat;-1
membuat bersedih hati;-1
membuat bingung;-1
membuat kasar;-1
membuat malu;-1
membubuhi gula;-1
membujuk;-1
membunuh;-1
memburuk;-1
memburukkan;-1
memburuknya;-1
membusuk;-1
membutakan;-1
memecat;-1
memekakkan telinga;-1
memenjarakan;-1
mementingkan diri sendiri;-1
memeras;-1
memerciki;-1
memerintahkan;-1
memfitnah;-1
memihak;-1
memikat;-1
memisahkan;-1
memiskinkan;-1
memohon;-1
memperberat;-1
memperbudak;-1
memperdaya;-1
memperdayakan;-1
memperingatkan;-1
memperkosa;-1
memperlambat;-1
memperlemah;-1
mempersiapkan;-1
mempesona;-1
mempolemikkan;-1
memprihatinkan;-1
mempropagandakan;-1
memprotes;-1
memprovokasi;-1
memuakkan;-1
memuaskan diri;-1
memudarnya;-1
memukul;-1
memukul dengan tongkat;-1
memukul mundur;-1
memuntahkan;-1
memurahkan;-1
memusnahkan;-1
memutar;-1
memutarbalikkan;-1
memutuskan;-1
menabrak;-1
menahan;-1
menakuti;-1
menakutkan;-1
menampar;-1
menanamkan;-1
menangis;-1
menarik diri;-1
menarik kembali;-1
menarik perhatian;-1
menaruh simpati;-1
menasihati;-1
mencabut;-1
mencabut perlindungan hukum;-1
mencaci;-1
mencairkan;-1
mencampuradukkan;-1
mencampuri;-1
mencap;-1
mencekik;-1
mencela;-1
mencemari;-1
mencemaskan;-1
mencemoohkan;-1
mencibir;-1
mencicit;-1
mencium;-1
menciut-ciut;-1
mencla-mencle;-1
mencolok;-1
mencopoti;-1
mencubit;-1
mencuci otak;-1
mencuri;-1
mencurigakan;-1
mendadak;-1
mendakwa;-1
mendatang;-1
mendatangkan;-1
mendeklamasikan;-1
menderita;-1
menderita khayalan;-1
menderita sekali;-1
mendesak;-1
mendesis;-1
mendidih;-1
mendistorsi;-1
menduduki;-1
menegur;-1
menekan;-1
menekankan;-1
menelan;-1
menentang;-1
menertawakan;-1
menetes;-1
mengabaikan;-1
mengaburkan;-1
mengacak;-1
mengacaukan;-1
mengaku;-1
mengakui;-1
mengalah;-1
mengalahkan;-1
mengalihkan;-1
mengambil alih;-1
mengamputasi;-1
mengamuk;-1
mengancam;-1
mengancam jiwa;-1
mengangkat bahu;-1
menganiaya;-1
mengatakan;-1
mengebiri;-1
mengecam;-1
mengecewakan;-1
mengecilkan;-1
mengecilkan hati;-1
mengejan;-1
mengejek;-1
mengejuntukan;-1
mengejutkan;-1
mengeksploitasi;-1
mengeluarkan;-1
mengeluarkan isi perut;-1
mengeluh;-1
mengelupas;-1
mengembara;-1
mengemis;-1
mengendapkan;-1
mengepung;-1
mengerang;-1
mengeras;-1
mengerdilkan;-1
mengerikan;-1
mengering;-1
mengerjakan dengan kurang baik;-1
mengerti;-1
mengerut;-1
mengesalkan;-1
menggagalkan;-1
menggampangkan;-1
mengganggu;-1
mengganggu ketenangan;-1
menggantikan;-1
menggantung;-1
menggaruk;-1
menggarut;-1
menggasak;-1
menggelapkan;-1
menggelegar;-1
menggelepar;-1
menggeliat-geliut;-1
menggelikan;-1
menggelisahkan;-1
menggemparkan;-1
menggentari;-1
menggerakkan;-1
menggeram;-1
menggerenyet;-1
menggerogoti;-1
menggertak;-1
menggerutu;-1
menggigil;-1
menggigit;-1
menggila;-1
menggiling;-1
menggoda;-1
menggoyang;-1
menggugat;-1
menggugurkan;-1
menggulingkan;-1
menggusarkan;-1
menghadapi;-1
menghalangi;-1
menghalau;-1
menghambat;-1
menghancurkan;-1
menghantui;-1
menghapus;-1
menghapuskan;-1
menghasut;-1
menghebohkan;-1
mengherankan;-1
menghilangkan;-1
menghina;-1
menghinakan;-1
menghindari;-1
menghujat;-1
menghukum;-1
menghukum sebelum memeriksa;-1
mengigau;-1
mengikis;-1
mengindoktrinasikan;-1
mengingkari;-1
menginjak-injak;-1
mengintai;-1
mengintimidasi;-1
mengintip;-1
mengisap;-1
mengkhawatirkan;-1
mengkhianati;-1
mengkritik;-1
mengoceh;-1
mengolesi;-1
mengolok-olok;-1
mengomel;-1
mengorbankan;-1
mengotori;-1
mengotorkan;-1
mengoyakkan;-1
menguap;-1
menguasai;-1
mengumpat;-1
mengumumkan kekurangan;-1
mengundurkan diri;-1
menguntungkan;-1
mengurangi;-1
menguras;-1
mengusir;-1
mengutuk;-1
Mengutuk;-1
meniadakan;-1
menidurkan;-1
menimbulkan;-1
menimbulkan kebencian;-1
menimpa;-1
menindas;-1
meninggal;-1
meninggal dunia;-1
meninggalkan;-1
meningkat;-1
meninju;-1
menipu;-1
menitis;-1
menjadi kaya;-1
menjadi terlalu panas;-1
menjarah;-1
menjatuhkan;-1
menjauhkan;-1
menjauhkan diri;-1
menjelekkan;-1
menjemukan;-1
menjengkelkan;-1
menjerat;-1
menjerit;-1
menjijikkan;-1
menjiplak tulisan;-1
menodai;-1
menohok;-1
menolak;-1
menonjol;-1
mentah;-1
menuduh;-1
menumbangkan;-1
menumpahkan;-1
menunda;-1
menunduk;-1
menundukkan;-1
menuntut;-1
menurun;-1
menurunkan;-1
menurunkan nilai;-1
menusuk;-1
menutup jalan;-1
menyaingi;-1
menyakiti;-1
menyakitkan;-1
menyala;-1
menyalahgunakan;-1
menyalahkan;-1
menyangkal;-1
menyangsikan;-1
menyapa;-1
menyayangkan;-1
menyayat;-1
menyayat hati;-1
menyebalkan;-1
menyederhanakan;-1
menyedihkan;-1
menyelinap;-1
menyembunyikan;-1
menyenangkan;-1
menyengat;-1
menyentakkan;-1
menyerah;-1
menyeramkan;-1
menyerang;-1
menyerbu;-1
menyeret;-1
menyesali;-1
menyesalkan;-1
menyesatkan;-1
menyesatkan pikiran;-1
menyia nyiakan;-1
menyiangi;-1
menyihir;-1
menyiksa;-1
menyilaukan;-1
menyimpang;-1
menyindir;-1
menyinggung;-1
menyita pikiran;-1
menyolok;-1
menyombongkan;-1
menyumbat;-1
menyumpahi;-1
menyusahkan;-1
menyusup;-1
menyusut;-1
meracuni;-1
meragukan;-1
merajalela;-1
merajuk;-1
merampas;-1
merana;-1
merancang;-1
merangsang;-1
merasa jijik;-1
merata;-1
meratap;-1
meratapi;-1
meraup;-1
merayap;-1
merebut;-1
meremas;-1
meremehkan;-1
merencanakan;-1
merendahkan;-1
merendahkan martabat;-1
merengek;-1
merenung;-1
merepet;-1
meresahkan;-1
meretas;-1
merinding;-1
meringis;-1
merobek;-1
merokok;-1
merongrong;-1
merosot;-1
merugikan;-1
merusak;-1
merusak akhlak;-1
merusak bentuk;-1
merusakkan;-1
mewah;-1
meyakinkan;-1
mimpi buruk;-1
miring;-1
misinformasi;-1
miskin;-1
misteri;-1
misterius;-1
mitos;-1
momok;-1
mubazir;-1
mudah terharu;-1
mudah tersinggung;-1
mudah tertipu;-1
multi-polarisasi;-1
munafik;-1
mundur;-1
mungil;-1
mungkin;-1
mungkir;-1
muntah;-1
muntahan;-1
muntahan kebencian;-1
murah;-1
murahan;-1
muram;-1
murka;-1
murtad;-1
murung;-1
muslihat;-1
mustahil;-1
musuh;-1
nafsu berahi;-1
nafsu berperang;-1
naif;-1
najis;-1
nakal;-1
ndeso;-1
negatif;-1
nekat;-1
nenek;-1
nepotisme;-1
neraka;-1
neurotik;-1
ngambek;-1
ngawur;-1
ngelantur;-1
ngeri;-1
ngobrol;-1
ngomel;-1
noda;-1
noda-noda;-1
non-aktif;-1
non-keyakinan;-1
nyaring;-1
nyengir;-1
nyeri;-1
nyinyir;-1
nyonya;-1
obat bius;-1
obrolan;-1
obsesif;-1
obyek;-1
ocehan;-1
ogah-ogahan;-1
omelan;-1
omong kosong;-1
oportunistik;-1
oposisi;-1
orak;-1
orang asing;-1
orang bodoh;-1
orang buangan;-1
orang canggung;-1
orang celaka;-1
orang dungu;-1
orang fanatik;-1
orang gila;-1
orang ingkar;-1
orang kikir;-1
orang luar;-1
orang membenci;-1
orang miskin;-1
otokrat;-1
otokratis;-1
otoriter;-1
overakting;-1
padat;-1
pagar;-1
pahit;-1
paksaan;-1
paling aneh;-1
paling kejam;-1
paling lambat;-1
paling menakutkan;-1
palsu;-1
panas;-1
panci;-1
pandangan marah;-1
pandangan yg menghinakan;-1
panggilan;-1
panggilan dari pengadilan;-1
panik;-1
panjang;-1
paradoks;-1
paradoksal;-1
parah;-1
paranoia;-1
paranoid;-1
parasit;-1
paria;-1
parno;-1
parodi;-1
partisan;-1
pasif;-1
pasrah;-1
pasti;-1
patah;-1
patah hati;-1
patuh;-1
patung;-1
payudara;-1
pecah;-1
pecahnya;-1
pecandu;-1
pecundang;-1
pedas;-1
pedih;-1
pekerja buruk;-1
pekerjaan rumah;-1
pelabuhan;-1
pelacur;-1
pelakunya;-1
pelalaian;-1
pelan-pelan;-1
pelanggar;-1
pelanggar hukum;-1
pelanggaran;-1
pelanggaran hukum;-1
pelawak;-1
pelemahan;-1
pelepasan nafsu berahi;-1
pelit;-1
pelupa;-1
pemabuk;-1
pemalas;-1
pemalsuan;-1
pemarah;-1
pembakar;-1
pembakaran;-1
pembalasan;-1
pembangkang;-1
pembangkangan;-1
pembantaian;-1
pembatalan;-1
pembaur;-1
pembekuan;-1
pembela;-1
pembenci;-1
pembengkakan;-1
pemberang;-1
pemberontakan;-1
Pembobolan;-1
pembohong;-1
pembongkar;-1
pemborosan;-1
pembual;-1
pembuangan;-1
pembuatan;-1
pembubaran;-1
pembukaan lagu;-1
pembunuh;-1
pembunuhan;-1
pembunuhan besar-besaran;-1
pemecahan;-1
pemegatan;-1
pemerasan;-1
pemerkosaan;-1
pemfitnah;-1
pemfitnahan;-1
pemilih;-1
pemisahan;-1
pemotongan;-1
pemukulan;-1
pemusnahan;-1
pemutarbalikan;-1
penaklukan;-1
penakut;-1
penalti;-1
penangkapan;-1
pencegah;-1
pencemar;-1
pencemas;-1
pencurian;-1
pendapat;-1
pendendam;-1
penderita;-1
penderitaan;-1
penderitaan mendalam;-1
pendosa;-1
penekanan;-1
pengabaian;-1
pengacau;-1
pengaduan;-1
pengakuan;-1
pengamuk;-1
penganggur;-1
penganiaya;-1
penganiayaan;-1
pengap;-1
pengasingan;-1
pengeboman;-1
pengecualian;-1
pengecut;-1
pengemis;-1
pengenaan;-1
pengepungan;-1
pengeringan;-1
pengganggu;-1
penggerutu;-1
penghancuran;-1
penghasut;-1
penghinaan;-1
penghindaran;-1
penghujatan;-1
penghukuman;-1
pengingatan;-1
pengingkaran;-1
pengiring jenazah;-1
pengkhianat;-1
pengkhianatan;-1
pengkritik;-1
pengobrol;-1
pengotor;-1
pengrusakan;-1
pengumpatan;-1
pengunduran diri;-1
pengurangan;-1
penindas;-1
penindasan;-1
penipu;-1
penipuan;-1
penjahat;-1
penjara;-1
penjara gelap bawah tanah;-1
penjarah;-1
penolakan;-1
penuh;-1
penuh benci;-1
penuh celaan;-1
penuh curiga;-1
penuh dosa;-1
penuh sesal;-1
penumpasan;-1
penundaan;-1
penurunan;-1
penurut;-1
penyadap;-1
penyakit;-1
penyakit gila;-1
penyalahgunaan;-1
penyangkalan;-1
penyederhanaan berlebihan;-1
penyelewengan;-1
penyembunyian;-1
penyendiri;-1
penyerbu;-1
penyergapan;-1
penyesalan;-1
penyesat;-1
penyesatan;-1
penyiksaan;-1
penyimpang;-1
penyimpangan;-1
penyisihan;-1
penyok;-1
penyuapan;-1
penyusup;-1
peot;-1
peradangan;-1
perampas;-1
perampasan;-1
perangkap;-1
perasaan geli;-1
perasaan waswas;-1
perawan tua;-1
perbedaan pendapat;-1
perbuatan jahat;-1
perbudakan;-1
perdarahan;-1
perebut;-1
perempuan jahanam;-1
perfidity;-1
pergolakan;-1
perhatian;-1
perih sekali;-1
peringatan;-1
perjuangan;-1
perkelahian;-1
perlakuan kejam;-1
perlawanan;-1
perlu;-1
permohonan;-1
permusuhan;-1
perpecahan;-1
persahabatan;-1
persaingan;-1
perselisihan;-1
pertempuran;-1
pertengkaran;-1
pertengkaran sengit;-1
pertentangan;-1
pertikaian;-1
pertumpahan darah;-1
pertunjukkan;-1
perubahan;-1
perusak;-1
pesimis;-1
pesimisme;-1
pesimistis;-1
pesta;-1
pesta besar;-1
pesuruh;-1
petualangan;-1
PHK;-1
picik;-1
picketed;-1
pidana;-1
piket;-1
pikun;-1
pilih-pilih;-1
pimpinan salah;-1
pincang;-1
pingsan;-1
pisah;-1
pisau;-1
piuh;-1
plin-plan;-1
polusi;-1
prasangka;-1
pratfall;-1
prihatin;-1
primitif;-1
propaganda;-1
protes;-1
provokasi;-1
provokatif;-1
puas;-1
pucat;-1
pukulan;-1
punah;-1
punk;-1
pura-pura;-1
pusing;-1
putus;-1
putus asa;-1
racun;-1
radikal;-1
Radikal;-1
radikalisasi;-1
ragu;-1
ragu-ragu;-1
rajin;-1
raksasa;-1
ramai;-1
rambut rontok;-1
rampasan;-1
rantingly;-1
rants;-1
rapuh;-1
rasa bersalah;-1
rasa cemas;-1
rasa gelisah;-1
rasa sakit;-1
rasa suram;-1
rasa tidak berterimakasih;-1
rasa tidak enak;-1
rasis;-1
rasisme;-1
reaksioner;-1
realistis;-1
rebusan;-1
redundansi;-1
redup;-1
relevan;-1
remang;-1
remang-remang;-1
remeh;-1
remehkan;-1
rendah;-1
rendah dinilai;-1
rendahan;-1
rentan;-1
represi;-1
represif;-1
reruntuhan;-1
resah;-1
resesi;-1
retak;-1
retorik;-1
retoris;-1
rewel;-1
reyot;-1
ribet;-1
ribut;-1
rintik;-1
risiko;-1
riuh;-1
roboh;-1
rongsokan;-1
ruam;-1
rumah kaca;-1
rumit;-1
rumor;-1
runtuh;-1
rusak;-1
rusuh;-1
sabar;-1
sabotase;-1
sakit;-1
sakit dirancang;-1
sakit hati;-1
sakit kepala;-1
sakit punggung;-1
sakit saraf;-1
sakit-dibentuk;-1
sakit-didefinisikan;-1
sakit-digunakan;-1
sakit-dipahami;-1
sakit-penggunaan;-1
sakitan;-1
sakitnya tuh disini;-1
salah;-1
Salah;-1
salah baca;-1
salah hitung;-1
salah informasi;-1
salah membaca;-1
salah menafsirkan;-1
salah mengerti;-1
salah mengucapkan;-1
salah mengurus;-1
salah menilai;-1
salah menyebutkan;-1
salah paham;-1
salah pikiran;-1
salah saji;-1
salju longsor;-1
saluran air;-1
sama sekali;-1
samar;-1
samaran;-1
sambilan;-1
sampah;-1
sandal bakiak;-1
sandera;-1
sangat;-1
sangat efektif;-1
sangat jahat;-1
sangat lapar;-1
sangat marah;-1
sangat menakjubkan;-1
sangat sedikit;-1
sanggahan;-1
sarkasme;-1
sarkastik;-1
saru;-1
satir;-1
satiris;-1
sayangnya;-1
sebelum waktunya;-1
sedang saja;-1
sederhana;-1
sedih;-1
sedikit;-1
segan;-1
segera;-1
sejajar;-1
selai;-1
selang;-1
selendang;-1
selingan;-1
selokan;-1
sembarangan;-1
sembrono;-1
semburan;-1
sementara;-1
sempit;-1
semrawut;-1
sendirian;-1
sengit;-1
sensasi;-1
sensasional;-1
sensasionil;-1
sentakan;-1
sepakan;-1
sepele;-1
serakah;-1
seram;-1
serampangan;-1
serangan;-1
Serangan;-1
serangan gencar;-1
seret;-1
serius;-1
serong;-1
sesat;-1
setan;-1
setengah hati;-1
setia;-1
sewenang-wenang;-1
shamefulness;-1
shamelessness;-1
sia-sia;-1
sial;-1
sialan;-1
sikap;-1
siksaan;-1
sindiran;-1
sindroma;-1
singkat;-1
sinis;-1
sinisme;-1
sinting;-1
siput;-1
sirep;-1
sisa-sisa;-1
sisi bawah;-1
sisi buta;-1
siuman;-1
skandal;-1
skeptis;-1
sobek;-1
sok;-1
sok nasehati;-1
sok ngatur;-1
sombong;-1
sporadis;-1
stagnasi;-1
statis;-1
steal;-1
stereotip;-1
stres;-1
suam;-1
suar;-1
subversif;-1
suka memandang rendah;-1
sulit;-1
sumbang;-1
sundal;-1
suram;-1
susah;-1
syok;-1
tabir asap;-1
tabu;-1
tahayul;-1
tahi;-1
tai;-1
tajam;-1
taji;-1
tak ada artinya;-1
tak bahagia;-1
tak baik;-1
tak berarti;-1
tak berdaya;-1
tak bergairah;-1
tak berguna;-1
tak beriman;-1
tak bermutu;-1
tak bernyawa;-1
tak berperasaan;-1
tak berperikemanusiaan;-1
tak berpindah-pindah;-1
tak bersedia;-1
tak biasa;-1
tak dihargai;-1
tak henti-hentinya;-1
tak hormat;-1
tak jelas;-1
tak kelihatan;-1
tak kenal ampun;-1
tak kompeten;-1
tak layak;-1
tak menentu;-1
tak pernah puas;-1
tak populer;-1
tak putus-putusnya;-1
tak sehat;-1
tak sepakat;-1
tak setuju;-1
tak tahu malu;-1
tak tentu;-1
tak terbayangkan;-1
tak terbedakan;-1
tak terdamaikan;-1
tak terduga;-1
tak terelakkan;-1
tak terhindarkan;-1
tak terhitung;-1
tak terkatakan;-1
tak terkendalikan;-1
tak terpecahkan;-1
tak terpenuhi;-1
tak tertahankan;-1
takhyul;-1
takut;-1
tamak;-1
tamparan;-1
tandus;-1
tangki;-1
tanpa;-1
tanpa alasan;-1
tanpa ampun;-1
tanpa belas kasihan;-1
tanpa berpikir;-1
tanpa cinta;-1
tanpa dasar;-1
tanpa diketahui;-1
tanpa hasil;-1
tanpa henti;-1
tanpa hukum;-1
tanpa iman;-1
tanpa kompromi;-1
tanpa malu;-1
tanpa pandang bulu;-1
tanpa rebewes;-1
tanpa sadar;-1
tanpa semangat;-1
tanpa tujuan;-1
tantangan;-1
tawanan;-1
tawar-menawar;-1
tebal;-1
tegang;-1
tegar;-1
teguran;-1
tekanan;-1
telanjang;-1
teliti;-1
tenggelam;-1
tenggelamnya;-1
tengkar;-1
teralihkan;-1
teramat;-1
teramati;-1
terampil;-1
terang-terangan;-1
terangsang;-1
terasa tidak enak;-1
terasing;-1
terbalik;-1
terbandingkan;-1
terbatas;-1
terbawah;-1
terbayangkan;-1
terbelakang;-1
terbodoh;-1
terbuang;-1
terbujuk;-1
terbukti;-1
terbunuh;-1
terburu nafsu;-1
terburuk;-1
tercela;-1
tercemar;-1
terdefinisi;-1
terdelusi;-1
terduga;-1
terencana;-1
terfragmentasi;-1
tergagap;-1
terganggu;-1
tergenang;-1
tergesa-gesa;-1
terhalang;-1
terhambat;-1
terhina;-1
terhukum;-1
teriakan;-1
terik;-1
terinfeksi;-1
terinfestasi;-1
terjal;-1
terjangan;-1
terjangkau;-1
terjawab;-1
terjelek;-1
terkejut;-1
terkena;-1
terkenal;-1
terkenal jahat;-1
terkesima;-1
terkulai;-1
terkutuk;-1
terlalu;-1
terlalu banyak;-1
terlalu berani;-1
terlalu bersemangat;-1
terlalu besar;-1
terlalu mahal;-1
terlalu menekankan;-1
terlalu tinggi;-1
terlambat;-1
terlantar;-1
terlarang;-1
terlepas;-1
terlibat;-1
termiskin;-1
ternoda;-1
teror;-1
terorirs;-1
terorisme;-1
terpencil;-1
terpengaruh;-1
terperangkap;-1
terperanjat;-1
terputus-putus;-1
tersandung;-1
tersangka;-1
tersangkut;-1
tersedak;-1
terselesaikan;-1
terselubung;-1
tersembunyi;-1
tersembunyi dan membahayakan;-1
tersendat;-1
tersentak-sentak;-1
tersiksa;-1
tersinggung;-1
tersumbat;-1
tertagihnya;-1
tertahankan;-1
tertanam di hati;-1
tertancap;-1
tertandingi;-1
tertarik;-1
tertekan;-1
tertempa;-1
tertinggal;-1
tertipu;-1
terurai;-1
tiba-tiba;-1
tidak;-1
tidak ada;-1
tidak ada reaksi;-1
tidak adil;-1
tidak akurat;-1
tidak aman;-1
tidak bagus;-1
tidak benar;-1
tidak beralasan;-1
tidak berharga;-1
tidak berhasil;-1
tidak berhati-hati;-1
tidak berkelanjutan;-1
tidak berperasaan;-1
tidak bertanggung jawab;-1
tidak bijaksana;-1
tidak cakap;-1
tidak cukup;-1
tidak curiga;-1
tidak dapat diandalkan;-1
tidak dapat digunakan;-1
tidak dapat dipertahankan;-1
tidak dapat diterima;-1
tidak dibutuhkan;-1
tidak didukung;-1
tidak diinginkan;-1
tidak diketahui;-1
tidak disukai;-1
tidak efektif;-1
tidak efisien;-1
tidak etis;-1
tidak hormat;-1
tidak jelas;-1
tidak jujur;-1
tidak kompeten;-1
tidak kompetitif;-1
tidak konsisten;-1
tidak kreatif;-1
tidak kuat;-1
tidak layak;-1
tidak lazim;-1
tidak lengkap;-1
tidak logis;-1
tidak mampu;-1
tidak masuk akal;-1
tidak memadai;-1
tidak mematuhi;-1
tidak membantu;-1
tidak memiliki;-1
tidak memuaskan;-1
tidak menarik;-1
tidak mendukung;-1
tidak menghargai;-1
tidak menyenangkan;-1
tidak menyetujui;-1
tidak menyukai;-1
tidak mungkin;-1
tidak nyaman;-1
tidak ortodoks;-1
tidak pantas;-1
tidak peduli;-1
tidak peka;-1
tidak penting;-1
tidak perlu;-1
tidak praktis;-1
tidak produktif;-1
tidak puas;-1
tidak ramah;-1
tidak rasional;-1
tidak resmi;-1
tidak sama;-1
tidak sebanding;-1
tidak seimbang;-1
tidak sempurna;-1
tidak setuju;-1
tidak sopan;-1
tidak suka;-1
tidak tahu berterima kasih;-1
tidak tegas;-1
tidak tepat;-1
tidak terbaca;-1
tidak terbukti;-1
tidak terdengar;-1
tidak terduga;-1
tidak terkalahkan;-1
tidak tersedia;-1
tidak tetap;-1
tidak tulus;-1
tidak wajar;-1
tikungan;-1
tikus;-1
timbunan;-1
timidness;-1
timpang;-1
tindak pencegahan;-1
tindakan ekstrimis;-1
tindakan merugikan;-1
tindakan yg bodoh;-1
tinggi harga-;-1
tinggi hati;-1
tinju;-1
tipis;-1
tipu;-1
tipu daya;-1
tipu muslihat;-1
tirani;-1
tolol;-1
topangan;-1
totaliter;-1
tragedi;-1
tragis;-1
traped;-1
trauma;-1
traumatis;-1
tuduhan;-1
Tuduhan;-1
tukang daging;-1
tukang fitnah;-1
tukang jualan;-1
Tukang onar;-1
tuli;-1
Tumbang;-1
tumpul;-1
tuna karya;-1
tunggul;-1
Tunggul;-1
tusukan;-1
uap;-1
ugal-ugalan;-1
ulang;-1
ular berbisa;-1
ultimatum;-1
ultra-garis keras;-1
umpan;-1
umpatan;-1
untuk sementara;-1
usang;-1
usil;-1
utuh;-1
vagina;-1
virus;-1
volatil;-1
vulgar;-1
wabah;-1
waria;-1
was-was;-1
waspada;-1
wastafel;-1
ya silahkan saja;-1
Yahudi;-1
a+;1
acungan jempol;1
adaptif;1
adil;1
afinitas;1
afirmasi;1
agilely;1
agung;1
ahli;1
ahlinya;1
ajaib;1
aklamasi;1
akomodatif;1
akurat;1
alam mimpi;1
alhamdulillah;1
allahu akbar;1
altruistis;1
aman;1
amanah;1
amat;1
ambisius;1
andal;1
aneh;1
anggun;1
angin sepoi-sepoi;1
angkat;1
antusias;1
antusiasme;1
apik;1
apresiasi;1
asli;1
aspirasi;1
asyik;1
bagos;1
bagus;1
bahagia;1
baik;1
baik diposisikan;1
baik sekali;1
baik-baik;1
bakat;1
bangga;1
bantuan;1
banyak;1
banyak akal;1
barang baru;1
batu permata;1
bebas;1
bebas masalah;1
bebas pulsa;1
bebas rasa sakit;1
bebas resiko;1
bekerja;1
bekerja keras;1
belas kasihan;1
benar;1
benar-benar;1
bengal;1
beradaptasi;1
beralasan;1
berani;1
berapi;1
berarti;1
berbaik hati;1
berbakat;1
berbesar hati;1
berbudi luhur;1
bercacat;1
bercahaya;1
bercanda;1
bercita-cita;1
berdaya cipta;1
berdebar;1
berdedikasi;1
berdikari;1
berempati;1
bergairah;1
bergaya;1
bergema;1
bergembira;1
bergembira sekali;1
bergengsi;1
bergizi;1
berguna;1
berharga;1
berhasil;1
berhutang;1
berikut;1
berimbang;1
berisi;1
beristirahat;1
berjanji;1
berjasa;1
berjaya;1
berjenis;1
berjuang;1
berkapasitas besar;1
berkat;1
berkeinginan;1
berkelakuan baik;1
berkelanjutan;1
berkembang;1
berkeyakinan;1
berkilau;1
berkilauan;1
berkualitas;1
berlangsung mudah;1
berlimpah;1
berlimpah-limpah;1
bermaksud baik;1
bermanfaat;1
bermanuver;1
bermartabat;1
bernilai;1
berpendidikan;1
berpendidikan baik;1
berpengalaman;1
berpengaruh;1
berpengetahuan luas;1
berpijar;1
bersatu;1
bersedia melakukan;1
bersemangat;1
bersemangat meluap-luap;1
bersenang-senang;1
bersenda gurau;1
berseri;1
bersifat dermawan;1
bersifat mendamaikan;1
bersih;1
bersinar;1
bersorak;1
bersubsidi;1
bersuka cita;1
bersuka ria;1
bersyukur;1
bertanggung jawab;1
bertekun;1
berterimakasih;1
beruntung;1
berwarna ria;1
berwawasan;1
besar;1
besar sekali;1
biaya rendah;1
bijak;1
bijaksana;1
bikin cemburu;1
bimbingan;1
bintang rock;1
bisa digunakan;1
bisa diterapkan;1
bonus;1
boros;1
brilian;1
cahaya;1
cahaya redup;1
cakap;1
cantik;1
cashbacks;1
cekatan;1
cemas;1
cemerlang;1
cepat;1
cerah;1
cerdas;1
cerdik;1
cergas;1
cermat;1
cetar;1
cetar membahana;1
cinta;1
cocok;1
contoh;1
cukup;1
cukup besar;1
cukuplah;1
damai;1
dapat diandalkan;1
dapat dicapai;1
dapat diganti;1
dapat dipercaya;1
dapat diraih;1
dapat disesuaikan;1
daya tarik;1
dengan mewah;1
dengan senang hati;1
dengan sopan;1
dermawan;1
dewasa;1
diakses;1
diakui;1
diam;1
dianggap baik;1
dibaca;1
dibebaskan;1
diberikan;1
dibersihkan;1
dibuat dengan baik;1
dicapai;1
didominasi;1
didukung;1
diganggu gugat;1
diganti oleh pengguna;1
digunakan;1
dihargai;1
diinginkan;1
diizinkan;1
dikelola;1
dikelola dengan baik;1
dikembalikan;1
dilayari;1
dilengkapi;1
dilepas;1
dilihat;1
dimenangkan;1
dimengerti;1
dinamis;1
diperbaharui;1
dipercaya;1
diperoleh;1
diplomatik;1
dipoles;1
direformasi;1
direkomendasikan;1
diremajakan;1
direstrukturisasi;1
disahkan;1
disayangi;1
disederhanakan;1
disubsidi;1
ditambah lagi;1
ditegakkan;1
diterima dengan baik;1
ditingkatkan;1
diverifikasi;1
dorongan;1
duanya;1
Dukung;1
dukungan;1
durian runtuh;1
edukatif;1
efektif;1
efektivitas;1
efisien;1
egois;1
ekonomis;1
ekstase;1
elastis;1
elegan;1
elite;1
emas;1
empati;1
enak;1
enchantingly;1
energi;1
ergonomis;1
etis;1
euforia;1
evaluatif;1
examplar;1
fajar;1
fantastis;1
fasih;1
fav;1
fave;1
favorit;1
fenomenal;1
firdaus;1
fleksibel;1
fleksibilitas;1
futuristik;1
gagah;1
gaib;1
gainfully;1
gairah;1
gamblang;1
gembira;1
gembira luar biasa;1
gembira sekali;1
gemuk;1
gesit;1
giat;1
gigih;1
gokil;1
gratis;1
gurih;1
habis;1
hadiah;1
hak istimewa;1
halal;1
halus;1
handal;1
handier;1
hangat;1
harga diri;1
harga rendah;1
harmoni;1
harmonis;1
harta;1
harum;1
hasil karya;1
hasil terbaik;1
hati;1
hati-hati;1
hebat;1
hemat;1
hemat biaya;1
hemat energi;1
heran;1
heroik;1
hore;1
horee;1
hormat;1
hubungan;1
hujan es;1
iba;1
ideal;1
idealnya;1
idola;1
ikhwan;1
ilahi;1
ilu;1
imajinatif;1
iman;1
imut;1
indah;1
individual;1
infalibilitas;1
inovasi;1
inovatif;1
inspirasi;1
inspirasional;1
inspiratif;1
instrumental;1
integral;1
intelijen;1
intim;1
intrik;1
intuitif;1
irama;1
iri;1
istimewa;1
isyarat;1
jaminan;1
jaminan mutu;1
janji;1
jawa;1
jelas;1
jempol;1
jempolan;1
jenaka;1
jenius;1
juara;1
jujur;1
kagum;1
kanan;1
karisma;1
karismatik;1
karya;1
kasih sayang;1
kaya;1
kaya fitur;1
keadaan yg sebenarnya;1
keadilan;1
keagungan;1
keajaiban;1
keanggunan;1
keangkeran;1
keaslian;1
kebahagiaan;1
kebaikan;1
kebajikan;1
kebal;1
kebanggaan;1
kebangkitan;1
kebaruan;1
kebebasan;1
kebenaran;1
keberanian;1
keberhasilan;1
keberlanjutan;1
kebersamaan;1
kebersihan;1
keberuntungan;1
kebesaran;1
kebetulan;1
kebijaksanaan;1
kecakapan;1
kecantikan;1
kecemerlangan;1
kecepatan;1
kecerdasan;1
kecerdikan;1
keemasan;1
keenakan;1
kegairahan;1
kegembiraan;1
kegembiraan yg meluap-luap;1
kehangatan;1
keheranan;1
keindahan;1
keinginan;1
keintiman;1
kejayaan;1
kejelasan;1
kejujuran;1
kekaguman;1
kekal;1
kekalahan;1
kekasih;1
kekencangan;1
kelancaran berbicara;1
kelangsungan hidup;1
kelas atas;1
kelas satu;1
kelas utama;1
kelayakan;1
kelezatan;1
kelimpahan;1
kelincahan;1
kelip redup;1
kelucuan;1
keluwesan;1
kemajuan;1
kemakmuran;1
kemampuan;1
kemantapan;1
kemasyhuran;1
kematangan;1
kemauan baik;1
kemegahan;1
kemenangan;1
kemewahan;1
kemudahan;1
kemurahan hati;1
kenangan;1
kenikmatan;1
kenyamanan;1
kepanjangan akal daya;1
kepentingan;1
kepercayaan;1
keperkasaan;1
kepincut;1
kepuasan;1
kepuasan diri;1
keramahan;1
keramat;1
keranjingan;1
kerelaan;1
keren;1
kerendahan hati;1
keriangan;1
keriuhan di pawai;1
kerubin;1
kesabaran;1
kesalehan;1
kesatuan;1
kesayangan;1
kesehatan;1
kesejahteraan;1
kesembronoan;1
kesempurnaan;1
kesenangan;1
kesetiaan;1
kesopanan;1
kestabilan;1
kesucian;1
kesukaan;1
kesungguhan;1
ketabahan;1
ketajaman;1
ketegasan;1
keteguhan;1
ketekunan;1
ketenangan;1
ketenaran;1
keterbukaan;1
ketercocokan;1
ketidakberpihakan;1
ketrampilan;1
ketulusan;1
keuletan;1
keunggulan;1
keuntungan;1
kewaspadaan;1
khusus;1
kilau;1
klasik;1
koheren;1
koherensi;1
komitmen;1
kompak;1
kompetitif;1
komplementer;1
konsisten;1
konstruktif;1
kontinuitas;1
kontras;1
kontribusi;1
kooperatif;1
koperasi;1
korek api;1
kreatif;1
Kualitas terbaik;1
kualitas tinggi;1
kuasa;1
kuat;1
kue panas;1
kukuh;1
kurus;1
lagu;1
lancar;1
landasan;1
lapang;1
laudably;1
layak;1
lebih baik;1
lebih baik dari perkiraan;1
lebih cemerlang dari;1
lebih cepat;1
lebih dikenal;1
lebih disukai;1
lebih hangat;1
lebih kencang;1
lebih keras;1
Lebih memilih;1
lebih memilih;1
lebih murah;1
lebih suka;1
lebih tenang;1
ledakan;1
legendaris;1
lemah lembut;1
lembut;1
lezat;1
licin;1
lincah;1
liris;1
logis;1
loyalitas;1
luar biasa;1
luas;1
lucu;1
lumayan;1
luwes;1
maaf;1
mahal;1
mahir;1
main-main;1
maju;1
makanan;1
makmur;1
malaikat;1
mampu;1
manfaat;1
manis;1
manis sekali;1
manja;1
manjur;1
mantab;1
manusiawi;1
mapan;1
martabat;1
master;1
masuk akal;1
matang;1
mati-matian;1
mau kalah;1
mawas;1
megah;1
mekar;1
melampaui;1
melebihi;1
melengkapi;1
melindungi;1
meluruskan;1
memadai;1
memanggil;1
memantapkan;1
memastikan;1
membandingi keindahan puisi;1
membantu;1
membara;1
membayar;1
membebaskan;1
memberanikan;1
memberdayakan;1
memberkati;1
membesarkan hati;1
membesut;1
membiasakan;1
membuat lebih baik dr;1
membudayakan;1
membujuk;1
membuktikan;1
memelihara;1
memeluk;1
memenuhi;1
memenuhi syarat;1
memeriahkan;1
memfavoritkan;1
memihak;1
memikat;1
memikat hati;1
memimpin;1
memperbaiki;1
memperbaiki akhlak;1
mempercantik;1
mempercayakan;1
memperjelas;1
memperkaya;1
memperkuat;1
mempermanis;1
memperoleh kembali;1
mempesona;1
memuaskan;1
memudahkan;1
memuja;1
memujanya;1
memuji;1
memuji-muji;1
memuji-muji terlebih-lebihan;1
memukau;1
memuliakan;1
memulihkan;1
memurnikan;1
menakjubkan;1
menambah;1
menang;1
menantang;1
menarik;1
menariknya;1
menawan;1
mencengangkan;1
mencintai;1
mencukupi;1
mendalam;1
mendamaikan;1
mendapatkan;1
mendebarkan;1
mendewakan;1
mendominasi;1
mendorong;1
mendukung;1
menebus;1
menegakkan;1
menegaskan;1
menegaskan lagi;1
menenangkan;1
menentukan;1
menerangi;1
menerangkan;1
menerima;1
menerobos;1
mengagetkan;1
mengagumi;1
mengagumkan;1
mengagungkan;1
mengakali;1
mengalahkan;1
menganggap;1
mengangkat;1
menganjurkan;1
mengasyikan;1
mengasyikkan;1
mengatasi;1
mengecoh;1
mengejutkan;1
mengerti;1
mengesahkan;1
mengesankan;1
menggairahkan;1
menggelenyar;1
menggelikan;1
menggelitik;1
menggembirakan;1
menggemparkan;1
menggetarkan;1
menggiurkan;1
menggoda;1
menggugah;1
menghadiahkan;1
menghaluskan;1
menghargai;1
mengharukan;1
mengherankan;1
menghibur;1
menghidupkan;1
menghormat;1
menghormati;1
mengidealkan;1
mengidolakan;1
mengilhami;1
menginginkan;1
mengisyaratkan;1
menguasai;1
mengucapkan selamat;1
mengundang;1
mengungguli;1
menguntungkan;1
menikmati;1
menimbulkan perasaan cinta;1
menimbulkan rasa antusias;1
meninggikan;1
meningkat;1
meningkatkan;1
menitipkan;1
menjamin;1
menjanjikan;1
menonjol;1
mentereng;1
menunjukkan gejala;1
menurut hak;1
menyalip;1
menyambut;1
menyanjung;1
menyaring;1
menyederhanakan;1
menyegarkan;1
menyelaraskan;1
menyelesaikan;1
menyembuhkan;1
menyenangkan;1
menyerahkan;1
menyeringai;1
menyetujui;1
menyolok;1
menyubsidi;1
menyukai;1
menyusul;1
merangsang;1
merayakan;1
merayu;1
mereda;1
mereformasi;1
merekomendasikan;1
merelakan;1
meremajakan;1
merendahkan;1
merenung;1
merevitalisasi;1
merevolusi;1
merevolusionerkan;1
meriangkan;1
meringankan;1
meromantiskan;1
mewah;1
meyakinkan;1
minim resiko;1
modern;1
modis;1
montok;1
monumental;1
moralitas;1
muda;1
mudah;1
mudah digunakan;1
mujarab;1
mukjizat;1
mulia;1
mulus;1
murah;1
murah banget;1
murah hati;1
murni;1
mutakhir;1
nasib;1
nikmat;1
non-kekerasan;1
nyaman;1
nyaring;1
obat untuk segala penyakit;1
obsesi;1
optimal;1
optimis;1
optimisme;1
otoriter;1
padat;1
pahlawan;1
pahlawan wanita;1
paling beruntung;1
paling dikenal;1
panas;1
pandai berbicara;1
panorama;1
pantas;1
pasien;1
pasti;1
pasukan penjaga perdamaian;1
patriot;1
patriotik;1
patuh;1
pedih;1
peka;1
pelamun;1
pelindung;1
pelonggaran;1
pembaruan;1
pembebasan;1
pembela;1
pemberdayaan;1
pemberian Tuhan;1
pembersih;1
pembetulan;1
pemecah masalah;1
pemenang;1
pemenuhan;1
pemulihan;1
penampilan terbaik;1
pencerahan;1
pencinta;1
pendewaan;1
pendukung;1
penebusan;1
penegasan kembali;1
penentuan nasib sendiri;1
penerima;1
pengagum;1
pengampunan;1
pengangkatan;1
pengaruh;1
pengasih;1
pengasuhan;1
pengembalian dana;1
penggemar;1
penghargaan;1
Penghargaan;1
penghemat;1
penghematan;1
penghematan biaya;1
penghiburan;1
penghormatan;1
penguasaan;1
peninggian derajat;1
peningkatan;1
penipu;1
penjualan terbaik;1
penolong;1
penting;1
penuh;1
penuh gaya;1
penuh harapan;1
penuh kasih;1
penuh kebahagiaan;1
penuh kebajikan;1
penuh kegembiraan;1
penuh kepercayaan;1
penuh pengharapan;1
penuh perasaan;1
penuh perhatian;1
penuh peristiwa;1
penuh semangat;1
penuh sukacita;1
penyayang;1
penyelamat;1
penyuburan;1
perasaan kagum;1
perasaan suka cita;1
perayaan;1
perbaikan;1
perbedaan;1
perdamaian;1
perdana menteri;1
perhatian;1
periang;1
perjanjian;1
perlawanan;1
perlindungan;1
permai;1
permata;1
persahabatan;1
persetujuan;1
persik;1
personalisasi;1
pertama di kelas;1
pertumbuhan tercepat;1
pesona;1
petualang;1
piala;1
pikiran-bertiup;1
pilihan;1
pintar;1
Plus;1
populer;1
portabel;1
positif;1
preferensi;1
prestasi;1
pro;1
proaktif;1
prodigi;1
produktif;1
progresif;1
promotor;1
puas;1
puitis;1
pujian;1
pukulan yg tdk keras;1
pulih;1
puncak;1
rahmat;1
rajin;1
rak;1
ramah;1
ramah tamah;1
rangsang;1
rapi;1
rasa hormat;1
rasa manis;1
rasional;1
rata;1
realisasi;1
realistis;1
reformasi;1
rekomendasi;1
rela;1
reputasi;1
reseptif;1
resiko rendah;1
responsif;1
restrukturisasi;1
revolusioner;1
ria gembira;1
riang;1
ringan;1
ringkas;1
rohani;1
rokstar;1
romantis;1
rujuk;1
rumit;1
sabar;1
sah;1
saleh;1
salut;1
sangat;1
sangat baik;1
sangat berharga;1
sangat indah;1
sangat memuaskan;1
sangat menarik;1
sangat menyayangi;1
sangat mudah;1
sangat penting;1
sangat rajin;1
sangat sopan;1
sangat tepat;1
sanjungan;1
sarankan;1
sayang;1
sayang anak;1
secara kuat;1
secara menyenangkan;1
secara terbuka;1
secepatnya;1
sederhana;1
segar;1
segera;1
sehat;1
seimbang;1
seksi;1
Selamat;1
selamat;1
selayaknya;1
selektif;1
semakin lembut;1
semakin makmur;1
semangat;1
sempurna;1
semuanya;1
senang;1
sengaja;1
sensasi;1
sensasional;1
senyum;1
sepanjang masa;1
sepantasnya;1
sepatutnya;1
sepele;1
sepenuh hati;1
seperti;1
seperti malaikat;1
seperti patung;1
seperti raja;1
serangan balik;1
serba cepat;1
serba guna;1
sesak napas;1
sesuai;1
sesuai dengan mode terakhir;1
sesungguhnya;1
setajam silet;1
setia;1
setuju;1
sewajarnya;1
sewenang-wenang;1
siap;1
sigap;1
sihir;1
sikap tenang;1
silakan;1
silau;1
simpatisan;1
sok aksi;1
solidaritas;1
sopan;1
sorak kegirangan;1
sosial;1
spektakuler;1
spontan;1
sporty;1
stabil;1
stabilitas;1
sub;1
subhanallah;1
subsidi;1
substantif;1
subur;1
suci;1
sukacita;1
sukses;1
sulit;1
sungguh;1
sungguh-sungguh;1
super;1
supremasi;1
surealis;1
surga;1
surgawi;1
swasembada;1
swatantra;1
syukur;1
taat;1
taat hukum;1
tabah;1
tabungan;1
tahan karat;1
tahan lama;1
tajam;1
tak ada salahnya;1
tak ada taranya;1
tak berbahaya;1
tak bercacat;1
tak bersuara;1
tak bersyarat;1
tak dapat disangsikan;1
tak diragukan lagi;1
tak disengaja;1
tak kenal takut;1
tak perlu dipersoalkan;1
tak tahu malu;1
tak terbantahkan;1
tak terbatas;1
tak tergantikan;1
tak terhitung;1
tak terkalahkan;1
tak terkendalikan;1
tak terlupakan;1
tak ternilai;1
tak terpadai;1
tak tertahankan;1
takdir;1
takjub;1
takzim;1
tampak;1
tampan;1
tanda;1
tangan ke bawah;1
tangkas;1
tanpa cela;1
tanpa dosa;1
tanpa malu-malu;1
tanpa rasa sakit;1
tanpa rasa takut;1
tanpa tenaga;1
tawar;1
tawaran;1
tdk berbahaya;1
tegas;1
teguh;1
teladan;1
teliti;1
temanmu;1
tenang;1
tepat;1
tepat pada waktunya;1
tepat waktu;1
tepuk tangan sorak;1
terampil;1
terang;1
terang benderang;1
teranyar;1
terbaik;1
terbaru;1
terbatas;1
terbebani;1
terberat;1
terbersih;1
terbesar;1
terbukti;1
tercapai;1
tercengang;1
tercepat;1
tercinta;1
terdengar;1
terdepan;1
terelakkan;1
tergantikan;1
terhormat;1
terima;1
terima kasih;1
terjamin;1
terjangkau;1
terkalahkan;1
terkejar;1
terkejut;1
terkekang;1
terkemuka;1
terkenal;1
terkenal di dunia;1
terkuat;1
terlalu memanjakan;1
termotivasi;1
termudah;1
termurah;1
terobosan;1
terompet;1
terpadu;1
terpanas;1
terpelajar;1
terpengaruh;1
terpenting;1
terpercaya;1
terpesona;1
terpuji;1
terrifically;1
tersayang;1
tersedia;1
tersenyum;1
tertarik;1
tertib;1
tertinggi;1
terus terang;1
terutama;1
tetap;1
tiada bandingan;1
tiada duanya;1
tidak egois;1
tidak ternilai;1
tipis;1
tokoh;1
TOP;1
trendi;1
tulang punggung;1
tulus;1
tumbuh cepat;1
tunggu dulu;1
uang kembali;1
ulung;1
unggul;1
unggulan;1
unik;1
untung;1
untungnya;1
utuh;1
uye;1
variasi;1
visioner;1
wah;1
wahyu;1
warna-warni;1
waspada;1
whooa;1
Whooooa;1
Wow;1
WOW;1
yakin;1
yay;1
yeah;1
yihaa;1